Крашенинников Павел Владимирович	100100031441015	47	m	депутат госдумы	Государственная Дума Федерального Собрания Российской Федерации	депутат, председатель Комитета Государственной Думы по гражданскому, уголовному, арбитражному и процессуальному законодательству		http://www.vybory.izbirkom.ru/region/region/izbirkom?action=show&root=1&tvd=100100028713299&vrn=100100028713299&region=0&global=1&sub_region=0&prver=0&pronetvd=null&type=341&vibid=100100031441015	21.06.1964	"Всероссийская политическая партия "ЕДИНАЯ РОССИЯ"	город Москва	3Республика Башкортостан	2	выдвинут	зарегистрирован	избр.
Старшинов Михаил Евгеньевич	100100031441062	39	m	депутат госдумы	Государственная Дума Федерального Собрания Российской Федерации	депутат, заместитель председателя Комитета Государственной Думы по делам национальностей		http://www.vybory.izbirkom.ru/region/region/izbirkom?action=show&root=1&tvd=100100028713299&vrn=100100028713299&region=0&global=1&sub_region=0&prver=0&pronetvd=null&type=341&vibid=100100031441062	12.12.1971	"Всероссийская политическая партия "ЕДИНАЯ РОССИЯ"	город Москва	9Карачаево-Черкесская Республика	2	выдвинут	зарегистрирован	избр.
Осипов Вячеслав Константинович	100100031441077	74	m	депутат госдумы	Государственная Дума Федерального Собрания Российской Федерации	депутат, заместитель председателя Комитета Государственной Думы по науке и наукоемким технологиям		http://www.vybory.izbirkom.ru/region/region/izbirkom?action=show&root=1&tvd=100100028713299&vrn=100100028713299&region=0&global=1&sub_region=0&prver=0&pronetvd=null&type=341&vibid=100100031441077	29.08.1937	"Всероссийская политическая партия "ЕДИНАЯ РОССИЯ"	город Москва	13Республика Мордовия	w	выдвинут	зарегистрирован	избр.
Школкина Надежда Васильевна	100100031441079	41	f	депутат госдумы	Государственная Дума Федерального Собрания Российской Федерации	депутат, член Комитета Государственной Думы по аграрным вопросам		http://www.vybory.izbirkom.ru/region/region/izbirkom?action=show&root=1&tvd=100100028713299&vrn=100100028713299&region=0&global=1&sub_region=0&prver=0&pronetvd=null&type=341&vibid=100100031441079	12.05.1970	"Всероссийская политическая партия "ЕДИНАЯ РОССИЯ"	город Москва	13Республика Мордовия	4	выдвинут	зарегистрирован	избр.
Морозов Олег Викторович	100100031441093	58	m	депутат госдумы	Государственная Дума Федерального Собрания Российской Федерации	депутат, Первый заместитель Председателя Государственной Думы Федерального Собрания Российской Федерации, член Комитета Государственной Думы по бюджету и налогам		http://www.vybory.izbirkom.ru/region/region/izbirkom?action=show&root=1&tvd=100100028713299&vrn=100100028713299&region=0&global=1&sub_region=0&prver=0&pronetvd=null&type=341&vibid=100100031441093	05.11.1953	"Всероссийская политическая партия "ЕДИНАЯ РОССИЯ"	город Москва	16Республика Татарстан (Татарстан)	3	выдвинут	зарегистрирован	избр.
Кабаева Алина Маратовна	100100031441094	28	f	депутат госдумы	Государственная Дума Федерального Собрания Российской Федерации	депутат, заместитель председателя Комитета Государственной Думы по делам молодежи		http://www.vybory.izbirkom.ru/region/region/izbirkom?action=show&root=1&tvd=100100028713299&vrn=100100028713299&region=0&global=1&sub_region=0&prver=0&pronetvd=null&type=341&vibid=100100031441094	12.05.1983	"Всероссийская политическая партия "ЕДИНАЯ РОССИЯ"	город Москва	16Республика Татарстан (Татарстан)	4	выдвинут	зарегистрирован	избр.
Шойгу Лариса Кужугетовна	100100031441110	58	f	депутат госдумы	Государственная Дума Федерального Собрания Российской Федерации	депутат, член Комитета Государственной Думы по охране здоровья		http://www.vybory.izbirkom.ru/region/region/izbirkom?action=show&root=1&tvd=100100028713299&vrn=100100028713299&region=0&global=1&sub_region=0&prver=0&pronetvd=null&type=341&vibid=100100031441110	21.01.1953	"Всероссийская политическая партия "ЕДИНАЯ РОССИЯ"	город Москва	17Республика Тыва	2	выдвинут	зарегистрирован
Максимова Надежда Сергеевна	100100031441119	69	f	депутат госдумы	Государственная Дума Федерального Собрания Российской Федерации	депутат, член Комитета Государственной Думы по бюджету и налогам		http://www.vybory.izbirkom.ru/region/region/izbirkom?action=show&root=1&tvd=100100028713299&vrn=100100028713299&region=0&global=1&sub_region=0&prver=0&pronetvd=null&type=341&vibid=100100031441119	13.01.1942	"Всероссийская политическая партия "ЕДИНАЯ РОССИЯ"	город Москва	19Республика Хакасия	2	выдвинут	зарегистрирован
Вахаев Хож Магомед Хумайдович	100100031441126	62	m	депутат госдумы	Государственная Дума Федерального Собрания Российской Федерации	депутат, заместитель председателя Комитета Государственной Думы по безопасности		http://www.vybory.izbirkom.ru/region/region/izbirkom?action=show&root=1&tvd=100100028713299&vrn=100100028713299&region=0&global=1&sub_region=0&prver=0&pronetvd=null&type=341&vibid=100100031441126	01.05.1949	"Всероссийская политическая партия "ЕДИНАЯ РОССИЯ"	город Москва	20Чеченская Республика	5	выдвинут	зарегистрирован
Косачев Константин Иосифович	100100031441130	49	m	депутат госдумы	Государственная Дума Федерального Собрания Российской Федерации	депутат, председатель Комитета Государственной Думы по международным делам		http://www.vybory.izbirkom.ru/region/region/izbirkom?action=show&root=1&tvd=100100028713299&vrn=100100028713299&region=0&global=1&sub_region=0&prver=0&pronetvd=null&type=341&vibid=100100031441130	17.09.1962	"Всероссийская политическая партия "ЕДИНАЯ РОССИЯ"	город Москва	21Чувашская Республика - Чувашия	2	выдвинут	зарегистрирован	избр.
Герасименко Николай Федорович	100100031441139	61	m	депутат госдумы	Государственная Дума Федерального Собрания Российской Федерации	депутат, первый заместитель председателя Комитета Государственной Думы по охране здоровья		http://www.vybory.izbirkom.ru/region/region/izbirkom?action=show&root=1&tvd=100100028713299&vrn=100100028713299&region=0&global=1&sub_region=0&prver=0&pronetvd=null&type=341&vibid=100100031441139	01.12.1950	"Всероссийская политическая партия "ЕДИНАЯ РОССИЯ"	город Москва	22Алтайский край	4	выдвинут	зарегистрирован
Кобзон Иосиф Давыдович	100100031441147	74	m	депутат госдумы	Государственная Дума Федерального Собрания Российской Федерации	депутат, заместитель председателя Комитета Государственной Думы по информационной политике, информационным технологиям и связи		http://www.vybory.izbirkom.ru/region/region/izbirkom?action=show&root=1&tvd=100100028713299&vrn=100100028713299&region=0&global=1&sub_region=0&prver=0&pronetvd=null&type=341&vibid=100100031441147	11.09.1937	"Всероссийская политическая партия "ЕДИНАЯ РОССИЯ"	город Москва	23Забайкальский край	2	выдвинут	зарегистрирован
Яровая Ирина Анатольевна	100100031441152	45	f	депутат госдумы	Государственная Дума Федерального Собрания Российской Федерации	депутат, заместитель председателя Комитета Государственной Думы по конституционному законодательству и государственному строительству		http://www.vybory.izbirkom.ru/region/region/izbirkom?action=show&root=1&tvd=100100028713299&vrn=100100028713299&region=0&global=1&sub_region=0&prver=0&pronetvd=null&type=341&vibid=100100031441152	17.10.1966	"Всероссийская политическая партия "ЕДИНАЯ РОССИЯ"	город Москва	24Камчатский край	2	выдвинут	зарегистрирован
Хор Глеб Яковлевич	100100031441157	48	m	депутат госдумы	Государственная Дума Федерального Собрания Российской Федерации	депутат, первый заместитель председателя Комитета Государственной Думы по бюджету и налогам		http://www.vybory.izbirkom.ru/region/region/izbirkom?action=show&root=1&tvd=100100028713299&vrn=100100028713299&region=0&global=1&sub_region=0&prver=0&pronetvd=null&type=341&vibid=100100031441157	08.04.1963	"Всероссийская политическая партия "ЕДИНАЯ РОССИЯ"	город Москва	25Краснодарский край	4	выдвинут	зарегистрирован	избр.
Езубов Алексей Петрович	100100031441162	63	m	депутат госдумы	Государственная Дума Федерального Собрания Российской Федерации	депутат, член Комитета Государственной Думы по аграрным вопросам		http://www.vybory.izbirkom.ru/region/region/izbirkom?action=show&root=1&tvd=100100028713299&vrn=100100028713299&region=0&global=1&sub_region=0&prver=0&pronetvd=null&type=341&vibid=100100031441162	10.02.1948	"Всероссийская политическая партия "ЕДИНАЯ РОССИЯ"	город Москва	25Краснодарский край	9	выдвинут	зарегистрирован	избр.
Скоробогатько Александр Иванович	100100031441163	44	m	депутат госдумы	Государственная Дума Федерального Собрания Российской Федерации	депутат, член Комитета Государственной Думы по гражданскому, уголовному, арбитражному и процессуальному законодательству		http://www.vybory.izbirkom.ru/region/region/izbirkom?action=show&root=1&tvd=100100028713299&vrn=100100028713299&region=0&global=1&sub_region=0&prver=0&pronetvd=null&type=341&vibid=100100031441163	25.09.1967	"Всероссийская политическая партия "ЕДИНАЯ РОССИЯ"	город Москва	25Краснодарский край	10	выдвинут	зарегистрирован	избр.
Глубоковская Эльмира Гусейновна	100100031441196	54	f	депутат госдумы	Государственная Дума Федерального Собрания Российской Федерации	депутат, заместитель председателя Комитета Государственной Думы по охране здоровья		http://www.vybory.izbirkom.ru/region/region/izbirkom?action=show&root=1&tvd=100100028713299&vrn=100100028713299&region=0&global=1&sub_region=0&prver=0&pronetvd=null&type=341&vibid=100100031441196	20.04.1957	"Всероссийская политическая партия "ЕДИНАЯ РОССИЯ"	город Москва	28Приморский край	4	выдвинут	зарегистрирован
Говорухин Станислав Сергеевич	100100031441202	75	m	депутат госдумы	Государственная Дума Федерального Собрания Российской Федерации	депутат, член Комитета Государственной Думы по информационной политике, информационным технологиям и связи		http://www.vybory.izbirkom.ru/region/region/izbirkom?action=show&root=1&tvd=100100028713299&vrn=100100028713299&region=0&global=1&sub_region=0&prver=0&pronetvd=null&type=341&vibid=100100031441202	29.03.1936	"Всероссийская политическая партия "ЕДИНАЯ РОССИЯ"	город Москва	29Ставропольский край	4	выдвинут	зарегистрирован	избр.
Шишкин Александр Геннадьевич	100100031441211	51	m	депутат госдумы	Государственная Дума Федерального Собрания Российской Федерации	депутат, член Комитета Государственной Думы по физической культуре и спорту		http://www.vybory.izbirkom.ru/region/region/izbirkom?action=show&root=1&tvd=100100028713299&vrn=100100028713299&region=0&global=1&sub_region=0&prver=0&pronetvd=null&type=341&vibid=100100031441211	04.05.1960	"Всероссийская политическая партия "ЕДИНАЯ РОССИЯ"	город Москва	30Хабаровский край, Еврейская автономная область	4	выдвинут	зарегистрирован
Янаков Эдуард Якимович	100100031441218	43	m	депутат госдумы	Государственная Дума Федерального Собрания Российской Федерации	депутат, член Комитета Государственной Думы по проблемам Севера и Дальнего Востока		http://www.vybory.izbirkom.ru/region/region/izbirkom?action=show&root=1&tvd=100100028713299&vrn=100100028713299&region=0&global=1&sub_region=0&prver=0&pronetvd=null&type=341&vibid=100100031441218	15.09.1968	"Всероссийская политическая партия "ЕДИНАЯ РОССИЯ"	город Москва	31Амурская область	5	выдвинут	зарегистрирован
Лебедев Олег Владимирович	100100031441231	47	m	депутат госдумы	Государственная Дума Федерального Собрания Российской Федерации	депутат, член Комитета Государственной Думы по промышленности		http://www.vybory.izbirkom.ru/region/region/izbirkom?action=show&root=1&tvd=100100028713299&vrn=100100028713299&region=0&global=1&sub_region=0&prver=0&pronetvd=null&type=341&vibid=100100031441231	21.03.1964	"Всероссийская политическая партия "ЕДИНАЯ РОССИЯ"	город Москва	34Белгородская область	4	выдвинут	зарегистрирован
Бочаров Андрей Иванович	100100031441235	42	m	депутат госдумы	Государственная Дума Федерального Собрания Российской Федерации	депутат, заместитель председателя Комитета Государственной Думы по делам ветеранов		http://www.vybory.izbirkom.ru/region/region/izbirkom?action=show&root=1&tvd=100100028713299&vrn=100100028713299&region=0&global=1&sub_region=0&prver=0&pronetvd=null&type=341&vibid=100100031441235	14.10.1969	"Всероссийская политическая партия "ЕДИНАЯ РОССИЯ"	город Москва	35Брянская область	1	выдвинут	зарегистрирован	избр.
Лахова Екатерина Филипповна	100100031441236	63	f	депутат госдумы	Государственная Дума Федерального Собрания Российской Федерации	депутат, заместитель председателя Комитета Государственной Думы по труду и социальной политике		http://www.vybory.izbirkom.ru/region/region/izbirkom?action=show&root=1&tvd=100100028713299&vrn=100100028713299&region=0&global=1&sub_region=0&prver=0&pronetvd=null&type=341&vibid=100100031441236	26.05.1948	"Всероссийская политическая партия "ЕДИНАЯ РОССИЯ"	город Москва	35Брянская область	2	выдвинут	зарегистрирован	избр.
Бабич Михаил Викторович	100100031441239	42	m	депутат госдумы	Государственная Дума Федерального Собрания Российской Федерации	депутат, заместитель председателя Комитета Государственной Думы по обороне		http://www.vybory.izbirkom.ru/region/region/izbirkom?action=show&root=1&tvd=100100028713299&vrn=100100028713299&region=0&global=1&sub_region=0&prver=0&pronetvd=null&type=341&vibid=100100031441239	28.05.1969	"Всероссийская политическая партия "ЕДИНАЯ РОССИЯ"	город Москва	36Владимирская область	1	выдвинут	зарегистрирован	избр.
Жолобов Олег Владимирович	100100031441252	50	m	депутат госдумы	Государственная Дума Федерального Собрания Российской Федерации	депутат, член Комитета Государственной Думы по информационной политике, информационным технологиям и связи		http://www.vybory.izbirkom.ru/region/region/izbirkom?action=show&root=1&tvd=100100028713299&vrn=100100028713299&region=0&global=1&sub_region=0&prver=0&pronetvd=null&type=341&vibid=100100031441252	06.10.1961	"Всероссийская политическая партия "ЕДИНАЯ РОССИЯ"	город Москва	37Волгоградская область	6	выдвинут	зарегистрирован
Муслимов Ильяз Булатович	100100031441254	48	m	депутат госдумы	Государственная Дума Федерального Собрания Российской Федерации	депутат, заместитель председателя Комитета Государственной Думы по информационной политике, информационным технологиям и связи		http://www.vybory.izbirkom.ru/region/region/izbirkom?action=show&root=1&tvd=100100028713299&vrn=100100028713299&region=0&global=1&sub_region=0&prver=0&pronetvd=null&type=341&vibid=100100031441254	14.02.1963	"Всероссийская политическая партия "ЕДИНАЯ РОССИЯ"	город Москва	37Волгоградская область	8	выдвинут	зарегистрирован
Абрамов Виктор Семенович	100100031441260	55	m	депутат госдумы	Государственная Дума Федерального Собрания Российской Федерации	депутат, первый заместитель председателя Комитета Государственной Думы по финансовому рынку		http://www.vybory.izbirkom.ru/region/region/izbirkom?action=show&root=1&tvd=100100028713299&vrn=100100028713299&region=0&global=1&sub_region=0&prver=0&pronetvd=null&type=341&vibid=100100031441260	18.08.1956	"Всероссийская политическая партия "ЕДИНАЯ РОССИЯ"	город Москва	38Вологодская область	4	выдвинут	зарегистрирован
Карелова Галина Николаевна	100100031441263	61	f	депутат госдумы	Государственная Дума Федерального Собрания Российской Федерации	депутат, заместитель председателя Комитета Государственной Думы по бюджету и налогам		http://www.vybory.izbirkom.ru/region/region/izbirkom?action=show&root=1&tvd=100100028713299&vrn=100100028713299&region=0&global=1&sub_region=0&prver=0&pronetvd=null&type=341&vibid=100100031441263	29.06.1950	"Всероссийская политическая партия "ЕДИНАЯ РОССИЯ"	город Москва	39Воронежская область	2	выдвинут	зарегистрирован	избр.
Исаев Юрий Олегович	100100031441267	39	m	депутат госдумы	Государственная Дума Федерального Собрания Российской Федерации	депутат, заместитель председателя Комитета Государственной Думы по финансовому рынку		http://www.vybory.izbirkom.ru/region/region/izbirkom?action=show&root=1&tvd=100100028713299&vrn=100100028713299&region=0&global=1&sub_region=0&prver=0&pronetvd=null&type=341&vibid=100100031441267	01.01.1972	"Всероссийская политическая партия "ЕДИНАЯ РОССИЯ"	город Москва	39Воронежская область	6	выдвинут	зарегистрирован
Бурыкина Наталья Викторовна	100100031441288	51	f	депутат госдумы	Государственная Дума Федерального Собрания Российской Федерации	депутат, член Комитета Государственной Думы по бюджету и налогам		http://www.vybory.izbirkom.ru/region/region/izbirkom?action=show&root=1&tvd=100100028713299&vrn=100100028713299&region=0&global=1&sub_region=0&prver=0&pronetvd=null&type=341&vibid=100100031441288	20.08.1960	"Всероссийская политическая партия "ЕДИНАЯ РОССИЯ"	город Москва	42Калининградская область	4	выдвинут	зарегистрирован
Волков Юрий Николаевич	100100031441293	57	m	депутат госдумы	Государственная Дума Федерального Собрания Российской Федерации	депутат, заместитель Председателя Государственной Думы Федерального Собрания Российской Федерации, член Комитета Государственной Думы по строительству и земельным отношениям		http://www.vybory.izbirkom.ru/region/region/izbirkom?action=show&root=1&tvd=100100028713299&vrn=100100028713299&region=0&global=1&sub_region=0&prver=0&pronetvd=null&type=341&vibid=100100031441293	19.09.1954	"Всероссийская политическая партия "ЕДИНАЯ РОССИЯ"	город Москва	43Калужская область	2	выдвинут	зарегистрирован
Гридин Владимир Григорьевич	100100031441300	56	m	депутат госдумы	Государственная Дума Федерального Собрания Российской Федерации	депутат, заместитель председателя Комитета Государственной Думы по транспорту		http://www.vybory.izbirkom.ru/region/region/izbirkom?action=show&root=1&tvd=100100028713299&vrn=100100028713299&region=0&global=1&sub_region=0&prver=0&pronetvd=null&type=341&vibid=100100031441300	08.12.1955	"Всероссийская политическая партия "ЕДИНАЯ РОССИЯ"	город Москва	44Кемеровская область	4	выдвинут	зарегистрирован	избр.
Фокин Александр Иванович	100100031441303	57	m	депутат госдумы	Государственная Дума Федерального Собрания Российской Федерации	депутат, заместитель председателя Комитета Государственной Думы по природным ресурсам, природопользованию и экологии		http://www.vybory.izbirkom.ru/region/region/izbirkom?action=show&root=1&tvd=100100028713299&vrn=100100028713299&region=0&global=1&sub_region=0&prver=0&pronetvd=null&type=341&vibid=100100031441303	24.10.1954	"Всероссийская политическая партия "ЕДИНАЯ РОССИЯ"	город Москва	44Кемеровская область	7	выдвинут	зарегистрирован	избр.
Тимченко Вячеслав Степанович	100100031441308	56	m	депутат госдумы	Государственная Дума Федерального Собрания Российской Федерации	депутат, председатель Комитета Государственной Думы по вопросам местного самоуправления		http://www.vybory.izbirkom.ru/region/region/izbirkom?action=show&root=1&tvd=100100028713299&vrn=100100028713299&region=0&global=1&sub_region=0&prver=0&pronetvd=null&type=341&vibid=100100031441308	20.11.1955	"Всероссийская политическая партия "ЕДИНАЯ РОССИЯ"	город Москва	45Кировская область	1	выдвинут	зарегистрирован	избр.
Мединский Владимир Ростиславович	100100031441318	41	m	депутат госдумы	Государственная Дума Федерального Собрания Российской Федерации	депутат, член Комитета Государственной Думы по природным ресурсам, природопользованию и экологии		http://www.vybory.izbirkom.ru/region/region/izbirkom?action=show&root=1&tvd=100100028713299&vrn=100100028713299&region=0&global=1&sub_region=0&prver=0&pronetvd=null&type=341&vibid=100100031441318	18.07.1970	"Всероссийская политическая партия "ЕДИНАЯ РОССИЯ"	город Москва	47Курганская область	2	выдвинут	зарегистрирован
Кулик Геннадий Васильевич	100100031441324	76	m	депутат госдумы	Государственная Дума Федерального Собрания Российской Федерации	депутат, заместитель председателя Комитета Государственной Думы по бюджету и налогам		http://www.vybory.izbirkom.ru/region/region/izbirkom?action=show&root=1&tvd=100100028713299&vrn=100100028713299&region=0&global=1&sub_region=0&prver=0&pronetvd=null&type=341&vibid=100100031441324	20.01.1935	"Всероссийская политическая партия "ЕДИНАЯ РОССИЯ"	город Москва	48Курская область	3	выдвинут	зарегистрирован
Тарасенко Михаил Васильевич	100100031441338	64	m	депутат госдумы	Государственная Дума Федерального Собрания Российской Федерации	депутат, член Комитета Государственной Думы по труду и социальной политике		http://www.vybory.izbirkom.ru/region/region/izbirkom?action=show&root=1&tvd=100100028713299&vrn=100100028713299&region=0&global=1&sub_region=0&prver=0&pronetvd=null&type=341&vibid=100100031441338	21.11.1947	"Всероссийская политическая партия "ЕДИНАЯ РОССИЯ"	город Москва	50Липецкая область	3	выдвинут	зарегистрирован
Кабанова Валентина Викторовна	100100031441346	60	f	депутат госдумы	Государственная Дума Федерального Собрания Российской Федерации	депутат, член Комитета Государственной Думы по Регламенту и организации работы Государственной Думы		http://www.vybory.izbirkom.ru/region/region/izbirkom?action=show&root=1&tvd=100100028713299&vrn=100100028713299&region=0&global=1&sub_region=0&prver=0&pronetvd=null&type=341&vibid=100100031441346	10.10.1951	"Всероссийская политическая партия "ЕДИНАЯ РОССИЯ"	город Москва	52Московская область	2	выдвинут	зарегистрирован	избр.
Терентьев Михаил Борисович	100100031441347	41	m	депутат госдумы	Государственная Дума Федерального Собрания Российской Федерации	депутат, член Комитета Государственной Думы по международным делам		http://www.vybory.izbirkom.ru/region/region/izbirkom?action=show&root=1&tvd=100100028713299&vrn=100100028713299&region=0&global=1&sub_region=0&prver=0&pronetvd=null&type=341&vibid=100100031441347	14.05.1970	"Всероссийская политическая партия "ЕДИНАЯ РОССИЯ"	город Москва	52Московская область	3	выдвинут	зарегистрирован	избр.
Серебров Лев Борисович	100100031441354	72	m	депутат госдумы	Государственная Дума Федерального Собрания Российской Федерации	депутат, заместитель председателя Комитета Государственной Думы по делам ветеранов		http://www.vybory.izbirkom.ru/region/region/izbirkom?action=show&root=1&tvd=100100028713299&vrn=100100028713299&region=0&global=1&sub_region=0&prver=0&pronetvd=null&type=341&vibid=100100031441354	01.05.1939	"Всероссийская политическая партия "ЕДИНАЯ РОССИЯ"	город Москва	52Московская область	10	выдвинут	зарегистрирован
Язев Валерий Афонасьевич	100100031441370	62	m	депутат госдумы	Государственная Дума Федерального Собрания Российской Федерации	депутат, заместитель Председателя Государственной Думы Федерального Собрания Российской Федерации, член Комитета Государственной Думы по энергетике		http://www.vybory.izbirkom.ru/region/region/izbirkom?action=show&root=1&tvd=100100028713299&vrn=100100028713299&region=0&global=1&sub_region=0&prver=0&pronetvd=null&type=341&vibid=100100031441370	29.10.1949	"Всероссийская политическая партия "ЕДИНАЯ РОССИЯ"	город Москва	53Мурманская область	1	выдвинут	зарегистрирован	избр.
Макаров Андрей Михайлович	100100031441378	57	m	депутат госдумы	Государственная Дума Федерального Собрания Российской Федерации	депутат, заместитель председателя Комитета Государственной Думы по бюджету и налогам		http://www.vybory.izbirkom.ru/region/region/izbirkom?action=show&root=1&tvd=100100028713299&vrn=100100028713299&region=0&global=1&sub_region=0&prver=0&pronetvd=null&type=341&vibid=100100031441378	22.07.1954	"Всероссийская политическая партия "ЕДИНАЯ РОССИЯ"	город Москва	54Нижегородская область	4	выдвинут	зарегистрирован	избр.
Герасимова Надежда Васильевна	100100031441381	59	f	депутат госдумы	Государственная Дума Федерального Собрания Российской Федерации	депутат, заместитель Председателя Государственной Думы Федерального Собрания Российской Федерации, член Комитета Государственной Думы по труду и социальной политике		http://www.vybory.izbirkom.ru/region/region/izbirkom?action=show&root=1&tvd=100100028713299&vrn=100100028713299&region=0&global=1&sub_region=0&prver=0&pronetvd=null&type=341&vibid=100100031441381	22.03.1952	"Всероссийская политическая партия "ЕДИНАЯ РОССИЯ"	город Москва	54Нижегородская область	7	выдвинут	зарегистрирован
Клименко Владимир Витальевич	100100031441393	57	m	депутат госдумы	Государственная Дума Федерального Собрания Российской Федерации	депутат, первый заместитель председателя Комитета Государственной Думы по транспорту		http://www.vybory.izbirkom.ru/region/region/izbirkom?action=show&root=1&tvd=100100028713299&vrn=100100028713299&region=0&global=1&sub_region=0&prver=0&pronetvd=null&type=341&vibid=100100031441393	18.09.1954	"Всероссийская политическая партия "ЕДИНАЯ РОССИЯ"	город Москва	56Новосибирская область	5	выдвинут	зарегистрирован
Бобырев Валентин Васильевич	100100031441394	64	m	депутат госдумы	Государственная Дума Федерального Собрания Российской Федерации	депутат, заместитель председателя Комитета Государственной Думы по гражданскому, уголовному, арбитражному и процессуальному законодательству		http://www.vybory.izbirkom.ru/region/region/izbirkom?action=show&root=1&tvd=100100028713299&vrn=100100028713299&region=0&global=1&sub_region=0&prver=0&pronetvd=null&type=341&vibid=100100031441394	23.11.1947	"Всероссийская политическая партия "ЕДИНАЯ РОССИЯ"	город Москва	56Новосибирская область	6	выдвинут	зарегистрирован
Попов Сергей Александрович	100100031441400	62	m	депутат госдумы	Государственная Дума Федерального Собрания Российской Федерации	депутат, председатель Комитета Государственной Думы по делам общественных объединений и религиозных организаций		http://www.vybory.izbirkom.ru/region/region/izbirkom?action=show&root=1&tvd=100100028713299&vrn=100100028713299&region=0&global=1&sub_region=0&prver=0&pronetvd=null&type=341&vibid=100100031441400	21.07.1949	"Всероссийская политическая партия "ЕДИНАЯ РОССИЯ"	город Москва	57Омская область	2	выдвинут	зарегистрирован	избр.
Роднина Ирина Константиновна	100100031441402	62	f	депутат госдумы	Государственная Дума Федерального Собрания Российской Федерации	депутат, заместитель председателя Комитета Государственной Думы по образованию		http://www.vybory.izbirkom.ru/region/region/izbirkom?action=show&root=1&tvd=100100028713299&vrn=100100028713299&region=0&global=1&sub_region=0&prver=0&pronetvd=null&type=341&vibid=100100031441402	12.09.1949	"Всероссийская политическая партия "ЕДИНАЯ РОССИЯ"	город Москва	57Омская область	4	выдвинут	зарегистрирован
Заварзин Виктор Михайлович	100100031441410	63	m	депутат госдумы	Государственная Дума Федерального Собрания Российской Федерации	депутат, председатель Комитета Государственной Думы по обороне		http://www.vybory.izbirkom.ru/region/region/izbirkom?action=show&root=1&tvd=100100028713299&vrn=100100028713299&region=0&global=1&sub_region=0&prver=0&pronetvd=null&type=341&vibid=100100031441410	28.11.1948	"Всероссийская политическая партия "ЕДИНАЯ РОССИЯ"	город Москва	58Оренбургская область	4	выдвинут	зарегистрирован
Ковалев Николай Дмитриевич	100100031441415	62	m	депутат госдумы	Государственная Дума Федерального Собрания Российской Федерации	депутат, председатель Комитета Государственной Думы по делам ветеранов		http://www.vybory.izbirkom.ru/region/region/izbirkom?action=show&root=1&tvd=100100028713299&vrn=100100028713299&region=0&global=1&sub_region=0&prver=0&pronetvd=null&type=341&vibid=100100031441415	06.08.1949	"Всероссийская политическая партия "ЕДИНАЯ РОССИЯ"	город Москва	59Орловская область	1	выдвинут	зарегистрирован	избр.
Плигин Владимир Николаевич	100100031441434	51	m	депутат госдумы	Государственная Дума Федерального Собрания Российской Федерации	депутат, председатель Комитета по конституционному законодательству и государственному строительству		http://www.vybory.izbirkom.ru/region/region/izbirkom?action=show&root=1&tvd=100100028713299&vrn=100100028713299&region=0&global=1&sub_region=0&prver=0&pronetvd=null&type=341&vibid=100100031441434	19.05.1960	"Всероссийская политическая партия "ЕДИНАЯ РОССИЯ"	город Москва	62Ростовская область	4	выдвинут	зарегистрирован	избр.
Туголуков Евгений Александрович	100100031441440	41	m	депутат госдумы	Государственная Дума Федерального Собрания Российской Федерации	депутат, председатель Комитета Государственной Думы по природным ресурсам, природопользованию и экологии		http://www.vybory.izbirkom.ru/region/region/izbirkom?action=show&root=1&tvd=100100028713299&vrn=100100028713299&region=0&global=1&sub_region=0&prver=0&pronetvd=null&type=341&vibid=100100031441440	14.05.1970	"Всероссийская политическая партия "ЕДИНАЯ РОССИЯ"	город Москва	62Ростовская область	10	выдвинут	зарегистрирован
Варшавский Вадим Евгеньевич	100100031441441	50	m	депутат госдумы	Государственная Дума Федерального Собрания Российской Федерации	депутат, член Комитета Государственной Думы по промышленности		http://www.vybory.izbirkom.ru/region/region/izbirkom?action=show&root=1&tvd=100100028713299&vrn=100100028713299&region=0&global=1&sub_region=0&prver=0&pronetvd=null&type=341&vibid=100100031441441	30.04.1961	"Всероссийская политическая партия "ЕДИНАЯ РОССИЯ"	город Москва	62Ростовская область	11	выдвинут	зарегистрирован
Булаев Николай Иванович	100100031441447	62	m	депутат госдумы	Государственная Дума Федерального Собрания Российской Федерации	депутат, член Комитета Государственной Думы по науке и наукоемким технологиям		http://www.vybory.izbirkom.ru/region/region/izbirkom?action=show&root=1&tvd=100100028713299&vrn=100100028713299&region=0&global=1&sub_region=0&prver=0&pronetvd=null&type=341&vibid=100100031441447	01.09.1949	"Всероссийская политическая партия "ЕДИНАЯ РОССИЯ"	город Москва	63Рязанская область	4	выдвинут	зарегистрирован
Хинштейн Александр Евсеевич	100100031441453	37	m	депутат госдумы	Государственная Дума Федерального Собрания Российской Федерации	депутат, член Комитета Государственной Думы по промышленности		http://www.vybory.izbirkom.ru/region/region/izbirkom?action=show&root=1&tvd=100100028713299&vrn=100100028713299&region=0&global=1&sub_region=0&prver=0&pronetvd=null&type=341&vibid=100100031441453	26.10.1974	"Всероссийская политическая партия "ЕДИНАЯ РОССИЯ"	город Москва	64Самарская область	3	выдвинут	зарегистрирован	избр.
Казаков Виктор Алексеевич	100100031441455	62	m	депутат госдумы	Государственная Дума Федерального Собрания Российской Федерации	депутат, член Комитета Государственной Думы по природным ресурсам, природопользованию и экологии		http://www.vybory.izbirkom.ru/region/region/izbirkom?action=show&root=1&tvd=100100028713299&vrn=100100028713299&region=0&global=1&sub_region=0&prver=0&pronetvd=null&type=341&vibid=100100031441455	04.04.1949	"Всероссийская политическая партия "ЕДИНАЯ РОССИЯ"	город Москва	64Самарская область	5	выдвинут	зарегистрирован
Беднов Александр Викторович	100100031441459	61	m	депутат госдумы	Государственная Дума Федерального Собрания Российской Федерации	депутат, заместитель председателя Комитета Государственной Думы по вопросам семьи, женщин и детей		http://www.vybory.izbirkom.ru/region/region/izbirkom?action=show&root=1&tvd=100100028713299&vrn=100100028713299&region=0&global=1&sub_region=0&prver=0&pronetvd=null&type=341&vibid=100100031441459	14.11.1950	"Всероссийская политическая партия "ЕДИНАЯ РОССИЯ"	город Москва	64Самарская область	9	выдвинут	зарегистрирован
Авраменко Михаил Васильевич	100100031441462	37	m	депутат госдумы	Государственная Дума Федерального Собрания Российской Федерации	заместитель руководителя аппарата Комитета Государственной Думы по охране здоровья		http://www.vybory.izbirkom.ru/region/region/izbirkom?action=show&root=1&tvd=100100028713299&vrn=100100028713299&region=0&global=1&sub_region=0&prver=0&pronetvd=null&type=341&vibid=100100031441462	18.01.1974	"Всероссийская политическая партия "ЕДИНАЯ РОССИЯ"	город Москва	64Самарская область	12	выдвинут	зарегистрирован
Аршба Отари Ионович	100100031441482	56	m	депутат госдумы	Государственная Дума Федерального Собрания Российской Федерации	депутат, председатель Комитета Государственной Думы по Регламенту и организации работы Государственной Думы		http://www.vybory.izbirkom.ru/region/region/izbirkom?action=show&root=1&tvd=100100028713299&vrn=100100028713299&region=0&global=1&sub_region=0&prver=0&pronetvd=null&type=341&vibid=100100031441482	12.04.1955	"Всероссийская политическая партия "ЕДИНАЯ РОССИЯ"	город Москва	67Свердловская область	4	выдвинут	зарегистрирован	избр.
Муцоев Зелимхан Аликоевич	100100031441484	52	m	депутат госдумы	Государственная Дума Федерального Собрания Российской Федерации	депутат, заместитель председателя Комитета Государственной Думы по международным делам		http://www.vybory.izbirkom.ru/region/region/izbirkom?action=show&root=1&tvd=100100028713299&vrn=100100028713299&region=0&global=1&sub_region=0&prver=0&pronetvd=null&type=341&vibid=100100031441484	13.10.1959	"Всероссийская политическая партия "ЕДИНАЯ РОССИЯ"	город Москва	67Свердловская область	6	выдвинут	зарегистрирован
Клинцевич Франц Адамович	100100031441490	54	m	депутат госдумы	Государственная Дума Федерального Собрания Российской Федерации	депутат, первый заместитель председателя Комитета Государственной Думы по делам ветеранов		http://www.vybory.izbirkom.ru/region/region/izbirkom?action=show&root=1&tvd=100100028713299&vrn=100100028713299&region=0&global=1&sub_region=0&prver=0&pronetvd=null&type=341&vibid=100100031441490	15.06.1957	"Всероссийская политическая партия "ЕДИНАЯ РОССИЯ"	город Москва	68Смоленская область	1	выдвинут	зарегистрирован	избр.
Бабаков Александр Михайлович	100100031441496	48	m	депутат госдумы	Государственная Дума Федерального Собрания Российской Федерации	депутат, заместитель Председателя Государственной Думы, член Комитета Государственной Думы по энергетике		http://www.vybory.izbirkom.ru/region/region/izbirkom?action=show&root=1&tvd=100100028713299&vrn=100100028713299&region=0&global=1&sub_region=0&prver=0&pronetvd=null&type=341&vibid=100100031441496	08.02.1963	"Всероссийская политическая партия "ЕДИНАЯ РОССИЯ"	город Москва	69Тамбовская область	3	выдвинут	зарегистрирован	избр.
Васильев Владимир Абдуалиевич	100100031441501	62	m	депутат госдумы	Государственная Дума Федерального Собрания Российской Федерации	депутат, председатель Комитета Государственной Думы по безопасности		http://www.vybory.izbirkom.ru/region/region/izbirkom?action=show&root=1&tvd=100100028713299&vrn=100100028713299&region=0&global=1&sub_region=0&prver=0&pronetvd=null&type=341&vibid=100100031441501	11.08.1949	"Всероссийская политическая партия "ЕДИНАЯ РОССИЯ"	город Москва	70Тверская область	3	выдвинут	зарегистрирован
Грызлов Борис Вячеславович	100100031441510	61	m	депутат госдумы	Государственная Дума Федерального Собрания Российской Федерации	депутат, Председатель Государственной Думы Федерального Собрания Российской Федерации		http://www.vybory.izbirkom.ru/region/region/izbirkom?action=show&root=1&tvd=100100028713299&vrn=100100028713299&region=0&global=1&sub_region=0&prver=0&pronetvd=null&type=341&vibid=100100031441510	15.12.1950	"Всероссийская политическая партия "ЕДИНАЯ РОССИЯ"	город Москва	72Тульская область	1	выдвинут	зарегистрирован	избр.
Зубицкий Борис Давыдович	100100031441514	64	m	депутат госдумы	Государственная Дума Федерального Собрания Российской Федерации	депутат, заместитель председателя Комитета Государственной Думы по экономической политике и предпринимательству		http://www.vybory.izbirkom.ru/region/region/izbirkom?action=show&root=1&tvd=100100028713299&vrn=100100028713299&region=0&global=1&sub_region=0&prver=0&pronetvd=null&type=341&vibid=100100031441514	16.12.1947	"Всероссийская политическая партия "ЕДИНАЯ РОССИЯ"	город Москва	72Тульская область	5	выдвинут	зарегистрирован
Балыхин Григорий Артёмович	100100031441525	65	m	депутат госдумы	Государственная Дума Федерального Собрания Российской Федерации	депутат, председатель Комитета Государственной Думы по образованию		http://www.vybory.izbirkom.ru/region/region/izbirkom?action=show&root=1&tvd=100100028713299&vrn=100100028713299&region=0&global=1&sub_region=0&prver=0&pronetvd=null&type=341&vibid=100100031441525	19.11.1946	"Всероссийская политическая партия "ЕДИНАЯ РОССИЯ"	город Москва	74Ульяновская область	2	выдвинут	зарегистрирован	избр.
Третьяк Владислав Александрович	100100031441526	59	m	депутат госдумы	Государственная Дума Федерального Собрания Российской Федерации	депутат, первый заместитель председателя Комитета Государственной Думы по физической культуре и спорту		http://www.vybory.izbirkom.ru/region/region/izbirkom?action=show&root=1&tvd=100100028713299&vrn=100100028713299&region=0&global=1&sub_region=0&prver=0&pronetvd=null&type=341&vibid=100100031441526	25.04.1952	"Всероссийская политическая партия "ЕДИНАЯ РОССИЯ"	город Москва	74Ульяновская область	3	выдвинут	зарегистрирован
Чайка Валентин Васильевич	100100031441528	58	m	депутат госдумы	Государственная Дума Федерального Собрания Российской Федерации	депутат, член Комитета по безопасности		http://www.vybory.izbirkom.ru/region/region/izbirkom?action=show&root=1&tvd=100100028713299&vrn=100100028713299&region=0&global=1&sub_region=0&prver=0&pronetvd=null&type=341&vibid=100100031441528	02.07.1953	"Всероссийская политическая партия "ЕДИНАЯ РОССИЯ"	город Москва	74Ульяновская область	5	выдвинут	зарегистрирован
Панов Валерий Викторович	100100031441542	50	m	депутат госдумы	Государственная Дума Федерального Собрания Российской Федерации	депутат, первый заместитель председателя Комитета Государственной Думы по строительству и земельным отношениям		http://www.vybory.izbirkom.ru/region/region/izbirkom?action=show&root=1&tvd=100100028713299&vrn=100100028713299&region=0&global=1&sub_region=0&prver=0&pronetvd=null&type=341&vibid=100100031441542	01.03.1961	"Всероссийская политическая партия "ЕДИНАЯ РОССИЯ"	город Москва	75Челябинская область	12	выдвинут	зарегистрирован
Кокошин Андрей Афанасьевич	100100031441546	66	m	депутат госдумы	Государственная Дума Федерального Собрания Российской Федерации	депутат, первый заместитель председателя Комитета Государственной Думы по науке и наукоемким технологиям		http://www.vybory.izbirkom.ru/region/region/izbirkom?action=show&root=1&tvd=100100028713299&vrn=100100028713299&region=0&global=1&sub_region=0&prver=0&pronetvd=null&type=341&vibid=100100031441546	26.10.1945	"Всероссийская политическая партия "ЕДИНАЯ РОССИЯ"	город Москва	76Ярославская область	4	выдвинут	зарегистрирован
Крупенников Владимир Александрович	100100031441551	42	m	депутат госдумы	Государственная Дума Федерального Собрания Российской Федерации	депутат, член Комитета Государственной Думы по информационной политике, информационным технологиям и связи		http://www.vybory.izbirkom.ru/region/region/izbirkom?action=show&root=1&tvd=100100028713299&vrn=100100028713299&region=0&global=1&sub_region=0&prver=0&pronetvd=null&type=341&vibid=100100031441551	01.09.1969	"Всероссийская политическая партия "ЕДИНАЯ РОССИЯ"	город Москва	77Город Москва	3	выдвинут	зарегистрирован	избр.
Гончар Николай Николаевич	100100031441553	65	m	депутат госдумы	Государственная Дума Федерального Собрания Российской Федерации	депутат, член Комитета Государственной Думы по бюджету и налогам		http://www.vybory.izbirkom.ru/region/region/izbirkom?action=show&root=1&tvd=100100028713299&vrn=100100028713299&region=0&global=1&sub_region=0&prver=0&pronetvd=null&type=341&vibid=100100031441553	18.10.1946	"Всероссийская политическая партия "ЕДИНАЯ РОССИЯ"	город Москва	77Город Москва	5	выдвинут	зарегистрирован	избр.
Исаев Андрей Константинович	100100031441554	47	m	депутат госдумы	Государственная Дума Федерального Собрания Российской Федерации	депутат, председатель Комитета Государственной Думы по труду и социальной политике		http://www.vybory.izbirkom.ru/region/region/izbirkom?action=show&root=1&tvd=100100028713299&vrn=100100028713299&region=0&global=1&sub_region=0&prver=0&pronetvd=null&type=341&vibid=100100031441554	01.10.1964	"Всероссийская политическая партия "ЕДИНАЯ РОССИЯ"	город Москва	77Город Москва	6	выдвинут	зарегистрирован	избр.
Панина Елена Владимировна	100100031441556	63	f	депутат госдумы	Государственная Дума Федерального Собрания Российской Федерации	депутат, заместитель председателя Комитета Государственной Думы по промышленности		http://www.vybory.izbirkom.ru/region/region/izbirkom?action=show&root=1&tvd=100100028713299&vrn=100100028713299&region=0&global=1&sub_region=0&prver=0&pronetvd=null&type=341&vibid=100100031441556	29.04.1948	"Всероссийская политическая партия "ЕДИНАЯ РОССИЯ"	город Москва	77Город Москва	8	выдвинут	зарегистрирован	избр.
Габдрахманов Ильдар Нуруллович	100100031441557	37	m	депутат госдумы	Государственная Дума Федерального Собрания Российской Федерации	депутат, первый заместитель председателя Комитета Государственной Думы по труду и социальной политике		http://www.vybory.izbirkom.ru/region/region/izbirkom?action=show&root=1&tvd=100100028713299&vrn=100100028713299&region=0&global=1&sub_region=0&prver=0&pronetvd=null&type=341&vibid=100100031441557	04.11.1974	"Всероссийская политическая партия "ЕДИНАЯ РОССИЯ"	город Москва	77Город Москва	9	выдвинут	зарегистрирован	избр.
Железняк Сергей Владимирович	100100031441558	41	m	депутат госдумы	Государственная Дума Федерального Собрания Российской Федерации	депутат, председатель Комитета Государственной Думы по информационной политике, информационным технологиям и связи		http://www.vybory.izbirkom.ru/region/region/izbirkom?action=show&root=1&tvd=100100028713299&vrn=100100028713299&region=0&global=1&sub_region=0&prver=0&pronetvd=null&type=341&vibid=100100031441558	30.07.1970	"Всероссийская политическая партия "ЕДИНАЯ РОССИЯ"	город Москва	77Город Москва	10	выдвинут	зарегистрирован	избр.
Звагельский Виктор Фридрихович	100100031441559	48	m	депутат госдумы	Государственная Дума Федерального Собрания Российской Федерации	депутат, член Комитета Государственной Думы по экономической политике и предпринимательству		http://www.vybory.izbirkom.ru/region/region/izbirkom?action=show&root=1&tvd=100100028713299&vrn=100100028713299&region=0&global=1&sub_region=0&prver=0&pronetvd=null&type=341&vibid=100100031441559	30.07.1963	"Всероссийская политическая партия "ЕДИНАЯ РОССИЯ"	город Москва	77Город Москва	11	выдвинут	зарегистрирован	избр.
Южилин Виталий Александрович	100100031441584	46	m	депутат госдумы	Государственная Дума Федерального Собрания Российской Федерации	депутат, член Комитета Государственной Думы по бюджету и налогам		http://www.vybory.izbirkom.ru/region/region/izbirkom?action=show&root=1&tvd=100100028713299&vrn=100100028713299&region=0&global=1&sub_region=0&prver=0&pronetvd=null&type=341&vibid=100100031441584	10.12.1965	"Всероссийская политическая партия "ЕДИНАЯ РОССИЯ"	город Москва	78Город Санкт-Петербург	6	выдвинут	зарегистрирован
Сарычев Александр Викторович	100100031441599	59	m	депутат госдумы	Государственная Дума Федерального Собрания Российской Федерации	депутат, заместитель председателя Комитета Государственной Думы по вопросам местного самоуправления		http://www.vybory.izbirkom.ru/region/region/izbirkom?action=show&root=1&tvd=100100028713299&vrn=100100028713299&region=0&global=1&sub_region=0&prver=0&pronetvd=null&type=341&vibid=100100031441599	27.03.1952	"Всероссийская политическая партия "ЕДИНАЯ РОССИЯ"	город Москва	79Ханты-Мансийский автономный округ - Югра	5	выдвинут	зарегистрирован
Зюганов Геннадий Андреевич	100100031425132	67	m	депутат госдумы	Государственная Дума Федерального Собрания Российской Федерации	депутат, член Комитета Государственной Думы по науке и наукоемким технологиям		http://www.vybory.izbirkom.ru/region/region/izbirkom?action=show&root=1&tvd=100100028713299&vrn=100100028713299&region=0&global=1&sub_region=0&prver=0&pronetvd=null&type=341&vibid=100100031425132	26.06.1944	"Политическая партия "Коммунистическая партия Российской Федерации"	город Москва	Общая часть списка	1	выдвинут	зарегистрирован	избр.
Комоедов Владимир Петрович	100100031425133	61	m	депутат госдумы	Государственная Дума Федерального Собрания Российской Федерации	депутат, член Комитета Государственной Думы по обороне		http://www.vybory.izbirkom.ru/region/region/izbirkom?action=show&root=1&tvd=100100028713299&vrn=100100028713299&region=0&global=1&sub_region=0&prver=0&pronetvd=null&type=341&vibid=100100031425133	14.08.1950	"Политическая партия "Коммунистическая партия Российской Федерации"	город Москва	Общая часть списка	2	выдвинут	зарегистрирован	избр.
Савицкая Светлана Евгеньевна	100100031425136	63	f	депутат госдумы	Государственная Дума Федерального Собрания Российской Федерации	депутат, заместитель председателя Комитета Государственной Думы по обороне		http://www.vybory.izbirkom.ru/region/region/izbirkom?action=show&root=1&tvd=100100028713299&vrn=100100028713299&region=0&global=1&sub_region=0&prver=0&pronetvd=null&type=341&vibid=100100031425136	08.08.1948	"Политическая партия "Коммунистическая партия Российской Федерации"	город Москва	Общая часть списка	5	выдвинут	зарегистрирован	избр.
Мельников Иван Иванович	100100031425137	61	m	депутат госдумы	Государственная Дума Федерального Собрания Российской Федерации	депутат, заместитель Председателя Государственной Думы Федерального Собрания Российской Федерации, член Комитета Государственной Думы по образованию		http://www.vybory.izbirkom.ru/region/region/izbirkom?action=show&root=1&tvd=100100028713299&vrn=100100028713299&region=0&global=1&sub_region=0&prver=0&pronetvd=null&type=341&vibid=100100031425137	07.08.1950	"Политическая партия "Коммунистическая партия Российской Федерации"	город Москва	Общая часть списка	6	выдвинут	зарегистрирован	избр.
Кашин Владимир Иванович	100100031425138	63	m	депутат госдумы	Государственная Дума Федерального Собрания Российской Федерации	депутат, заместитель председателя Комитета Государственной Думы по природным ресурсам, природопользованию и экологии		http://www.vybory.izbirkom.ru/region/region/izbirkom?action=show&root=1&tvd=100100028713299&vrn=100100028713299&region=0&global=1&sub_region=0&prver=0&pronetvd=null&type=341&vibid=100100031425138	10.08.1948	"Политическая партия "Коммунистическая партия Российской Федерации"	город Москва	Общая часть списка	7	выдвинут	зарегистрирован	избр.
Решульский Сергей Николаевич	100100031425170	60	m	депутат госдумы	Государственная Дума Федерального Собрания Российской Федерации	депутат, член Комитета Государственной Думы по делам Федерации и региональной политике		http://www.vybory.izbirkom.ru/region/region/izbirkom?action=show&root=1&tvd=100100028713299&vrn=100100028713299&region=0&global=1&sub_region=0&prver=0&pronetvd=null&type=341&vibid=100100031425170	21.09.1951	"Политическая партия "Коммунистическая партия Российской Федерации"	город Москва	6Республика Дагестан	1	выдвинут	зарегистрирован	избр.
Кашин Борис Сергеевич	100100031425195	60	m	депутат госдумы	Государственная Дума Федерального Собрания Российской Федерации	депутат, член Комитета Государственной Думы по финансовому рынку		http://www.vybory.izbirkom.ru/region/region/izbirkom?action=show&root=1&tvd=100100028713299&vrn=100100028713299&region=0&global=1&sub_region=0&prver=0&pronetvd=null&type=341&vibid=100100031425195	03.07.1951	"Политическая партия "Коммунистическая партия Российской Федерации"	город Москва	10Республика Карелия, Мурманская область	1	выдвинут	зарегистрирован	избр.
Андреев Андрей Анатольевич	100100031425201	35	m	депутат госдумы	Государственная Дума Федерального Собрания Российской Федерации	депутат, член Комитета Государственной Думы по информационной политике, информационным технологиям и связи		http://www.vybory.izbirkom.ru/region/region/izbirkom?action=show&root=1&tvd=100100028713299&vrn=100100028713299&region=0&global=1&sub_region=0&prver=0&pronetvd=null&type=341&vibid=100100031425201	24.05.1976	"Политическая партия "Коммунистическая партия Российской Федерации"	город Москва	11Республика Коми, Архангельская область	1	выдвинут	зарегистрирован	избр.
Сапожников Николай Иванович	100100031425255	62	m	депутат госдумы	Государственная Дума Федерального Собрания Российской Федерации	депутат, заместитель председателя Комитета Государственной Думы по промышленности		http://www.vybory.izbirkom.ru/region/region/izbirkom?action=show&root=1&tvd=100100028713299&vrn=100100028713299&region=0&global=1&sub_region=0&prver=0&pronetvd=null&type=341&vibid=100100031425255	05.08.1949	"Политическая партия "Коммунистическая партия Российской Федерации"	город Москва	19Удмуртская Республика	1	выдвинут	зарегистрирован	избр.
Харитонов Николай Михайлович	100100031425295	63	m	депутат госдумы	Государственная Дума Федерального Собрания Российской Федерации	депутат, первый заместитель председателя Комитета Государственной Думы по аграрным вопросам		http://www.vybory.izbirkom.ru/region/region/izbirkom?action=show&root=1&tvd=100100028713299&vrn=100100028713299&region=0&global=1&sub_region=0&prver=0&pronetvd=null&type=341&vibid=100100031425295	30.10.1948	"Политическая партия "Коммунистическая партия Российской Федерации"	город Москва	26Краснодарский край	1	выдвинут	зарегистрирован	избр.
Обухов Сергей Павлович	100100031425296	53	m	депутат госдумы	Государственная Дума Федерального Собрания Российской Федерации	депутат, член Комитета Государственной Думы по делам общественных объединений и религиозных организаций		http://www.vybory.izbirkom.ru/region/region/izbirkom?action=show&root=1&tvd=100100028713299&vrn=100100028713299&region=0&global=1&sub_region=0&prver=0&pronetvd=null&type=341&vibid=100100031425296	05.10.1958	"Политическая партия "Коммунистическая партия Российской Федерации"	город Москва	26Краснодарский край	2	выдвинут	зарегистрирован	избр.
Куликов Олег Анатольевич	100100031425320	65	m	депутат госдумы	Государственная Дума Федерального Собрания Российской Федерации	депутат, член Комитета Государственной Думы по охране здоровья		http://www.vybory.izbirkom.ru/region/region/izbirkom?action=show&root=1&tvd=100100028713299&vrn=100100028713299&region=0&global=1&sub_region=0&prver=0&pronetvd=null&type=341&vibid=100100031425320	28.01.1946	"Политическая партия "Коммунистическая партия Российской Федерации"	город Москва	28Пермский край	1	выдвинут	зарегистрирован	избр.
Штогрин Сергей Иванович	100100031425350	63	m	депутат госдумы	Государственная Дума Федерального Собрания Российской Федерации	депутат		http://www.vybory.izbirkom.ru/region/region/izbirkom?action=show&root=1&tvd=100100028713299&vrn=100100028713299&region=0&global=1&sub_region=0&prver=0&pronetvd=null&type=341&vibid=100100031425350	21.07.1948	"Политическая партия "Коммунистическая партия Российской Федерации"	город Москва	31Хабаровский край, Еврейская автономная область	1	выдвинут	зарегистрирован	избр.
Апарина Алевтина Викторовна	100100031425359	70	f	депутат госдумы	Государственная Дума Федерального Собрания Российской Федерации	депутат, член Комитета Государственной Думы по труду и социальной политике		http://www.vybory.izbirkom.ru/region/region/izbirkom?action=show&root=1&tvd=100100028713299&vrn=100100028713299&region=0&global=1&sub_region=0&prver=0&pronetvd=null&type=341&vibid=100100031425359	20.04.1941	"Политическая партия "Коммунистическая партия Российской Федерации"	город Москва	32Астраханская область, Волгоградская область	2	выдвинут	зарегистрирован	избр.
Муравленко Сергей Викторович	100100031425370	61	m	депутат госдумы	Государственная Дума Федерального Собрания Российской Федерации	депутат, член Комитета Государственной Думы по природным ресурсам, природопользованию и экологии		http://www.vybory.izbirkom.ru/region/region/izbirkom?action=show&root=1&tvd=100100028713299&vrn=100100028713299&region=0&global=1&sub_region=0&prver=0&pronetvd=null&type=341&vibid=100100031425370	02.03.1950	"Политическая партия "Коммунистическая партия Российской Федерации"	город Москва	33Белгородская область	1	выдвинут	зарегистрирован	избр.
Гаврилов Сергей Анатольевич	100100031425394	45	m	депутат госдумы	Государственная Дума Федерального Собрания Российской Федерации	депутат, заместитель председателя Комитета Государственной Думы по транспорту		http://www.vybory.izbirkom.ru/region/region/izbirkom?action=show&root=1&tvd=100100028713299&vrn=100100028713299&region=0&global=1&sub_region=0&prver=0&pronetvd=null&type=341&vibid=100100031425394	27.01.1966	"Политическая партия "Коммунистическая партия Российской Федерации"	город Москва	37Воронежская область	1	выдвинут	зарегистрирован	избр.
Гостев Руслан Георгиевич	100100031425395	66	m	депутат госдумы	Государственная Дума Федерального Собрания Российской Федерации	депутат, член Комитета Государственной Думы по физической культуре и спорту		http://www.vybory.izbirkom.ru/region/region/izbirkom?action=show&root=1&tvd=100100028713299&vrn=100100028713299&region=0&global=1&sub_region=0&prver=0&pronetvd=null&type=341&vibid=100100031425395	11.01.1945	"Политическая партия "Коммунистическая партия Российской Федерации"	город Москва	37Воронежская область	2	выдвинут	зарегистрирован	избр.
Пономарёв Алексей Алексеевич	100100031425404	69	m	депутат госдумы	Государственная Дума Федерального Собрания Российской Федерации	депутат, член Комитета Государственной Думы по Регламенту и организации работы Государственной Думы		http://www.vybory.izbirkom.ru/region/region/izbirkom?action=show&root=1&tvd=100100028713299&vrn=100100028713299&region=0&global=1&sub_region=0&prver=0&pronetvd=null&type=341&vibid=100100031425404	22.03.1942	"Политическая партия "Коммунистическая партия Российской Федерации"	город Москва	38Ивановская область, Костромская область	1	выдвинут	зарегистрирован	избр.
Никулина Елена Валерьевна	100100031425408	37	f	депутат госдумы	Государственная Дума Федерального Собрания Российской Федерации	помощник депутата Государственной Думы Федерального Собрания Российской Федерации		http://www.vybory.izbirkom.ru/region/region/izbirkom?action=show&root=1&tvd=100100028713299&vrn=100100028713299&region=0&global=1&sub_region=0&prver=0&pronetvd=null&type=341&vibid=100100031425408	01.06.1974	"Политическая партия "Коммунистическая партия Российской Федерации"	город Москва	38Ивановская область, Костромская область	5	выдвинут	зарегистрирован
Никитин Владимир Степанович	100100031425421	63	m	депутат госдумы	Государственная Дума Федерального Собрания Российской Федерации	депутат, член Комитета Государственной Думы по делам Содружества Независимых Государств и связям с соотечественниками		http://www.vybory.izbirkom.ru/region/region/izbirkom?action=show&root=1&tvd=100100028713299&vrn=100100028713299&region=0&global=1&sub_region=0&prver=0&pronetvd=null&type=341&vibid=100100031425421	05.04.1948	"Политическая партия "Коммунистическая партия Российской Федерации"	город Москва	40Калининградская область, Псковская область	1	выдвинут	зарегистрирован	избр.
Собко Сергей Васильевич	100100031425437	62	m	депутат госдумы	Государственная Дума Федерального Собрания Российской Федерации	депутат, председатель Комитета Государственной Думы по промышленности		http://www.vybory.izbirkom.ru/region/region/izbirkom?action=show&root=1&tvd=100100028713299&vrn=100100028713299&region=0&global=1&sub_region=0&prver=0&pronetvd=null&type=341&vibid=100100031425437	12.06.1949	"Политическая партия "Коммунистическая партия Российской Федерации"	город Москва	42Кемеровская область	1	выдвинут	зарегистрирован	избр.
Русских Алексей Юрьевич	100100031425474	43	m	депутат госдумы	Государственная Дума Федерального Собрания Российской Федерации	депутат		http://www.vybory.izbirkom.ru/region/region/izbirkom?action=show&root=1&tvd=100100028713299&vrn=100100028713299&region=0&global=1&sub_region=0&prver=0&pronetvd=null&type=341&vibid=100100031425474	17.07.1968	"Политическая партия "Коммунистическая партия Российской Федерации"	город Москва	48Московская область	2	выдвинут	зарегистрирован	избр.
Таранин Виктор Иванович	100100031425479	54	m	депутат госдумы	Государственная Дума Федерального Собрания Российской Федерации	депутат, член Комитета Государственной Думы по аграрным вопросам		http://www.vybory.izbirkom.ru/region/region/izbirkom?action=show&root=1&tvd=100100028713299&vrn=100100028713299&region=0&global=1&sub_region=0&prver=0&pronetvd=null&type=341&vibid=100100031425479	19.02.1957	"Политическая партия "Коммунистическая партия Российской Федерации"	город Москва	48Московская область	7	выдвинут	зарегистрирован
Денисенко Олег Иванович	100100031425528	49	m	депутат госдумы	Государственная Дума Федерального Собрания Российской Федерации	депутат, заместитель председателя Комитета Государственной Думы по безопасности		http://www.vybory.izbirkom.ru/region/region/izbirkom?action=show&root=1&tvd=100100028713299&vrn=100100028713299&region=0&global=1&sub_region=0&prver=0&pronetvd=null&type=341&vibid=100100031425528	15.04.1962	"Политическая партия "Коммунистическая партия Российской Федерации"	город Москва	52Омская область, Томская область	2	выдвинут	зарегистрирован	избр.
Плетнева Тамара Васильевна	100100031425549	64	f	депутат госдумы	Государственная Дума Федерального Собрания Российской Федерации	депутат, заместитель председателя Комитета Государственной Думы по делам ветеранов		http://www.vybory.izbirkom.ru/region/region/izbirkom?action=show&root=1&tvd=100100028713299&vrn=100100028713299&region=0&global=1&sub_region=0&prver=0&pronetvd=null&type=341&vibid=100100031425549	22.11.1947	"Политическая партия "Коммунистическая партия Российской Федерации"	город Москва	55Пензенская область, Тамбовская область	1	выдвинут	зарегистрирован	избр.
Соловьев Вадим Георгиевич	100100031425625	53	m	депутат госдумы	Государственная Дума Федерального Собрания Российской Федерации	депутат, член Комитета Государственной Думы по конституционному законодательству и государственному строительству		http://www.vybory.izbirkom.ru/region/region/izbirkom?action=show&root=1&tvd=100100028713299&vrn=100100028713299&region=0&global=1&sub_region=0&prver=0&pronetvd=null&type=341&vibid=100100031425625	29.07.1958	"Политическая партия "Коммунистическая партия Российской Федерации"	город Москва	63Тверская область	1	выдвинут	зарегистрирован	избр.
Куликов Александр Дмитриевич	100100031425660	61	m	депутат госдумы	Государственная Дума Федерального Собрания Российской Федерации	депутат, заместитель председателя Комитета Государственной Думы по конституционному законодательству и государственному строительству		http://www.vybory.izbirkom.ru/region/region/izbirkom?action=show&root=1&tvd=100100028713299&vrn=100100028713299&region=0&global=1&sub_region=0&prver=0&pronetvd=null&type=341&vibid=100100031425660	03.12.1950	"Политическая партия "Коммунистическая партия Российской Федерации"	город Москва	68Ярославская область	1	выдвинут	зарегистрирован	избр.
Смолин Олег Николаевич	100100031425668	59	m	депутат госдумы	Государственная Дума Федерального Собрания Российской Федерации	депутат, заместитель председателя Комитета Государственной Думы по образованию		http://www.vybory.izbirkom.ru/region/region/izbirkom?action=show&root=1&tvd=100100028713299&vrn=100100028713299&region=0&global=1&sub_region=0&prver=0&pronetvd=null&type=341&vibid=100100031425668	10.02.1952	"Политическая партия "Коммунистическая партия Российской Федерации"	город Москва	69Город Москва	4	выдвинут	зарегистрирован	избр.
Доровин Евгений Владимирович	100100031425670	62	m	депутат госдумы	Аппарат Государственной Думы Федерального Собрания Российской Федерации	заместитель руководителя аппарата Комитета Государственной Думы по промышленности		http://www.vybory.izbirkom.ru/region/region/izbirkom?action=show&root=1&tvd=100100028713299&vrn=100100028713299&region=0&global=1&sub_region=0&prver=0&pronetvd=null&type=341&vibid=100100031425670	01.07.1949	"Политическая партия "Коммунистическая партия Российской Федерации"	город Москва	69Город Москва	6	выдвинут	зарегистрирован	избр.
Сокол Святослав Михайлович	100100031425709	65	m	депутат госдумы	Государственная Дума Федерального Собрания Российской Федерации	депутат, член Комитета Государственной Думы по промышленности		http://www.vybory.izbirkom.ru/region/region/izbirkom?action=show&root=1&tvd=100100028713299&vrn=100100028713299&region=0&global=1&sub_region=0&prver=0&pronetvd=null&type=341&vibid=100100031425709	22.03.1946	"Политическая партия "Коммунистическая партия Российской Федерации"	город Москва	70Город Санкт-Петербург	1	выдвинут	зарегистрирован	избр.
Жириновский Владимир Вольфович	100100028783940	65	m	депутат госдумы	Государственная Дума Федерального Собрания Российской Федерации	депутат, заместитель Председателя Государственной Думы Федерального Собрания Российской Федерации, член Комитета Государственной Думы по аграрным вопросам		http://www.vybory.izbirkom.ru/region/region/izbirkom?action=show&root=1&tvd=100100028713299&vrn=100100028713299&region=0&global=1&sub_region=0&prver=0&pronetvd=null&type=341&vibid=100100028783940	25.04.1946	"Политическая партия "Либерально-демократическая партия России"	город Москва	Общая часть списка	1	выдвинут	зарегистрирован	избр.
Островский Алексей Владимирович	100100028783941	35	m	депутат госдумы	Государственная Дума Федерального Собрания Российской Федерации	депутат, председатель Комитета Государственной Думы по делам Содружества Независимых Государств и связям с соотечественниками		http://www.vybory.izbirkom.ru/region/region/izbirkom?action=show&root=1&tvd=100100028713299&vrn=100100028713299&region=0&global=1&sub_region=0&prver=0&pronetvd=null&type=341&vibid=100100028783941	14.01.1976	"Политическая партия "Либерально-демократическая партия России"	город Москва	Общая часть списка	2	выдвинут	зарегистрирован	избр.
Лебедев Игорь Владимирович	100100028783942	39	m	депутат госдумы	Государственная Дума Федерального Собрания Российской Федерации	депутат, член Комитета Государственной Думы по конституционному законодательству и государственному строительству		http://www.vybory.izbirkom.ru/region/region/izbirkom?action=show&root=1&tvd=100100028713299&vrn=100100028713299&region=0&global=1&sub_region=0&prver=0&pronetvd=null&type=341&vibid=100100028783942	27.09.1972	"Политическая партия "Либерально-демократическая партия России"	город Москва	Общая часть списка	3	выдвинут	зарегистрирован	избр.
Слуцкий Леонид Эдуардович	100100028783946	43	m	депутат госдумы	Государственная Дума Федерального Собрания Российской Федерации	депутат, первый заместитель председателя Комитета Государственной Думы по международным делам		http://www.vybory.izbirkom.ru/region/region/izbirkom?action=show&root=1&tvd=100100028713299&vrn=100100028713299&region=0&global=1&sub_region=0&prver=0&pronetvd=null&type=341&vibid=100100028783946	04.01.1968	"Политическая партия "Либерально-демократическая партия России"	город Москва	Общая часть списка	7	выдвинут	зарегистрирован	избр.
Луговой Андрей Константинович	100100028784102	45	m	депутат госдумы	Государственная Дума Федерального Собрания Российской Федерации	депутат, член Комитета Государственной Думы по безопасности		http://www.vybory.izbirkom.ru/region/region/izbirkom?action=show&root=1&tvd=100100028713299&vrn=100100028713299&region=0&global=1&sub_region=0&prver=0&pronetvd=null&type=341&vibid=100100028784102	19.09.1966	"Политическая партия "Либерально-демократическая партия России"	город Москва	42Иркутская область	1	выдвинут	зарегистрирован	избр.
Деньгин Вадим Евгеньевич	100100028784143	31	m	депутат госдумы	Государственная Дума Федерального Собрания Российской Федерации	старший специалист 2 разряда Комитета Государственной Думы по делам молодежи		http://www.vybory.izbirkom.ru/region/region/izbirkom?action=show&root=1&tvd=100100028713299&vrn=100100028713299&region=0&global=1&sub_region=0&prver=0&pronetvd=null&type=341&vibid=100100028784143	23.09.1980	"Политическая партия "Либерально-демократическая партия России"	город Москва	54Новосибирская область	1	выдвинут	зарегистрирован	избр.
Абельцев Сергей Николаевич	100100028784198	50	m	депутат госдумы	Государственная Дума Федерального Собрания Российской Федерации	депутат, член Комитета Государственной Думы по безопасности		http://www.vybory.izbirkom.ru/region/region/izbirkom?action=show&root=1&tvd=100100028713299&vrn=100100028713299&region=0&global=1&sub_region=0&prver=0&pronetvd=null&type=341&vibid=100100028784198	06.05.1961	"Политическая партия "Либерально-демократическая партия России"	город Москва	69Тамбовская область	1	выдвинут	зарегистрирован
Журко Василий Васильевич	100100028784215	48	m	депутат госдумы	Государственная Дума Федерального Собрания Российской Федерации	депутат, член Комитета Государственной Думы по природным ресурсам, природопользованию и экологии		http://www.vybory.izbirkom.ru/region/region/izbirkom?action=show&root=1&tvd=100100028713299&vrn=100100028713299&region=0&global=1&sub_region=0&prver=0&pronetvd=null&type=341&vibid=100100028784215	15.07.1963	"Политическая партия "Либерально-демократическая партия России"	город Москва	74Челябинская область - Златоустовская, Челябинская область - Магнитогорская	1	выдвинут	зарегистрирован	избр.
Алчина Елена Геннадьевна	100100028784220	32	f	депутат госдумы	Государственная Дума Федерального Собрания Российской Федерации	помощник депутата		http://www.vybory.izbirkom.ru/region/region/izbirkom?action=show&root=1&tvd=100100028713299&vrn=100100028713299&region=0&global=1&sub_region=0&prver=0&pronetvd=null&type=341&vibid=100100028784220	16.12.1978	"Политическая партия "Либерально-демократическая партия России"	город Москва	75Челябинская область - Калининская, Челябинская область - Кыштымская	3	выдвинут	зарегистрирован
Рохмистров Максим Станиславович	100100028784237	43	m	депутат госдумы	Государственная Дума Федерального Собрания Российской Федерации	депутат, член Комитета Государственной Думы по собственности		http://www.vybory.izbirkom.ru/region/region/izbirkom?action=show&root=1&tvd=100100028713299&vrn=100100028713299&region=0&global=1&sub_region=0&prver=0&pronetvd=null&type=341&vibid=100100028784237	05.01.1968	"Политическая партия "Либерально-демократическая партия России"	город Москва	80Город Москва - Тушинская, Город Москва - Шереметьевская	1	выдвинут	зарегистрирован	избр.
Тарасюк Василий Михайлович	100100028784249	63	m	депутат госдумы	Государственная Дума Федерального Собрания Российской Федерации	депутат, заместитель председателя Комитета по вопросам местного самоуправления		http://www.vybory.izbirkom.ru/region/region/izbirkom?action=show&root=1&tvd=100100028713299&vrn=100100028713299&region=0&global=1&sub_region=0&prver=0&pronetvd=null&type=341&vibid=100100028784249	10.10.1948	"Политическая партия "Либерально-демократическая партия России"	город Москва	82Ханты-Мансийский автономный округ - Югра, Ямало-Ненецкий автономный округ	1	выдвинут	зарегистрирован	избр.
Миронов Сергей Михайлович	100100031431940	58	m	депутат госдумы	Государственная Дума Федерального Собрания Российской Федерации	депутат, член Комитета Государственной Думы по науке и наукоемким технологиям		http://www.vybory.izbirkom.ru/region/region/izbirkom?action=show&root=1&tvd=100100028713299&vrn=100100028713299&region=0&global=1&sub_region=0&prver=0&pronetvd=null&type=341&vibid=100100031431940	14.02.1953	"Политическая партия СПРАВЕДЛИВАЯ РОССИЯ"	город Москва	Общая часть списка	1	выдвинут	зарегистрирован	избр.
Левичев Николай Владимирович	100100031431941	58	m	депутат госдумы	Государственная Дума Федерального Собрания Российской Федерации	депутат, член Комитета Государственной Думы по науке и наукоемким технологиям		http://www.vybory.izbirkom.ru/region/region/izbirkom?action=show&root=1&tvd=100100028713299&vrn=100100028713299&region=0&global=1&sub_region=0&prver=0&pronetvd=null&type=341&vibid=100100031431941	28.05.1953	"Политическая партия СПРАВЕДЛИВАЯ РОССИЯ"	город Москва	Общая часть списка	2	выдвинут	зарегистрирован	избр.
Ломакин-Румянцев Александр Вадимович	100100031431943	56	m	депутат госдумы	Государственная Дума Федерального Собрания Российской Федерации	депутат, член Комитета Государственной Думы по труду и социальной политике		http://www.vybory.izbirkom.ru/region/region/izbirkom?action=show&root=1&tvd=100100028713299&vrn=100100028713299&region=0&global=1&sub_region=0&prver=0&pronetvd=null&type=341&vibid=100100031431943	19.12.1954	"Политическая партия СПРАВЕДЛИВАЯ РОССИЯ"	город Москва	Общая часть списка	4	выдвинут	зарегистрирован	избр.
Грачёв Иван Дмитриевич	100100031431946	59	m	депутат госдумы	Государственная Дума Федерального Собрания Российской Федерации	депутат, заместитель председателя Комитета Государственной Думы по энергетике		http://www.vybory.izbirkom.ru/region/region/izbirkom?action=show&root=1&tvd=100100028713299&vrn=100100028713299&region=0&global=1&sub_region=0&prver=0&pronetvd=null&type=341&vibid=100100031431946	19.02.1952	"Политическая партия СПРАВЕДЛИВАЯ РОССИЯ"	город Москва	Общая часть списка	7	выдвинут	зарегистрирован	избр.
Багдасаров Семен Аркадьевич	100100031431986	57	m	депутат госдумы	Государственная Дума Федерального Собрания Российской Федерации	депутат, член Комитета Государственной Думы по международным делам		http://www.vybory.izbirkom.ru/region/region/izbirkom?action=show&root=1&tvd=100100028713299&vrn=100100028713299&region=0&global=1&sub_region=0&prver=0&pronetvd=null&type=341&vibid=100100031431986	20.11.1954	"Политическая партия СПРАВЕДЛИВАЯ РОССИЯ"	город Москва	6Республика Дагестан	5	выдвинут	зарегистрирован
Терентьев Александр Васильевич	100100031432076	50	m	депутат госдумы	Государственная Дума Федерального Собрания Российской Федерации	депутат, член Комитета Государственной Думы по строительству и земельным отношениям		http://www.vybory.izbirkom.ru/region/region/izbirkom?action=show&root=1&tvd=100100028713299&vrn=100100028713299&region=0&global=1&sub_region=0&prver=0&pronetvd=null&type=341&vibid=100100031432076	01.01.1961	"Политическая партия СПРАВЕДЛИВАЯ РОССИЯ"	город Москва	20Алтайский край	1	выдвинут	зарегистрирован	избр.
Горячева Светлана Петровна	100100031432117	64	f	депутат госдумы	Государственная Дума Федерального Собрания Российской Федерации	депутат, заместитель председателя Комитета Государственной Думы по Регламенту и организации работы Государственной Думы		http://www.vybory.izbirkom.ru/region/region/izbirkom?action=show&root=1&tvd=100100028713299&vrn=100100028713299&region=0&global=1&sub_region=0&prver=0&pronetvd=null&type=341&vibid=100100031432117	03.06.1947	"Политическая партия СПРАВЕДЛИВАЯ РОССИЯ"	город Москва	26Приморский край	1	выдвинут	зарегистрирован	избр.
Кузьмина Алла Владимировна	100100031432136	48	f	депутат госдумы	Государственная Дума Федерального Собрания Российской Федерации	депутат, заместитель Председателя Комитета Государственной Думы Федерального Собрания Российской Федерации по делам общественных объединений и религиозных организаций		http://www.vybory.izbirkom.ru/region/region/izbirkom?action=show&root=1&tvd=100100028713299&vrn=100100028713299&region=0&global=1&sub_region=0&prver=0&pronetvd=null&type=341&vibid=100100031432136	23.05.1963	"Политическая партия СПРАВЕДЛИВАЯ РОССИЯ"	город Москва	28Хабаровский край, Сахалинская область, Еврейская автономная область	1	выдвинут	зарегистрирован	избр.
Беляков Антон Владимирович	100100031432174	39	m	депутат госдумы	Государственная Дума Федерального Собрания Российской Федерации	депутат, член Комитета Государственной Думы по делам Федерации и региональной политике		http://www.vybory.izbirkom.ru/region/region/izbirkom?action=show&root=1&tvd=100100028713299&vrn=100100028713299&region=0&global=1&sub_region=0&prver=0&pronetvd=null&type=341&vibid=100100031432174	18.10.1972	"Политическая партия СПРАВЕДЛИВАЯ РОССИЯ"	город Москва	33Владимирская область	1	выдвинут	зарегистрирован	избр.
Москалькова Татьяна Николаевна	100100031432307	56	f	депутат госдумы	Государственная Дума Федерального Собрания Российской Федерации	депутат, заместитель председателя Комитета Государственной Думы по делам Содружества Независимых Государств и связям с соотечественниками		http://www.vybory.izbirkom.ru/region/region/izbirkom?action=show&root=1&tvd=100100028713299&vrn=100100028713299&region=0&global=1&sub_region=0&prver=0&pronetvd=null&type=341&vibid=100100031432307	30.05.1955	"Политическая партия СПРАВЕДЛИВАЯ РОССИЯ"	город Москва	47Московская область - Истринская, Московская область - Химкинская	1	выдвинут	зарегистрирован	избр.
Пономарев Илья Владимирович	100100031432333	36	m	депутат госдумы	Государственная Дума Федерального Собрания Российской Федерации	депутат, член Комитета Государственной Думы по информационной политике, информационным технологиям и связи		http://www.vybory.izbirkom.ru/region/region/izbirkom?action=show&root=1&tvd=100100028713299&vrn=100100028713299&region=0&global=1&sub_region=0&prver=0&pronetvd=null&type=341&vibid=100100031432333	06.08.1975	"Политическая партия СПРАВЕДЛИВАЯ РОССИЯ"	город Москва	51Новосибирская область	1	выдвинут	зарегистрирован	избр.
Мизулина Елена Борисовна	100100031432345	57	f	депутат госдумы	Государственная Дума Федерального Собрания Российской Федерации	депутат, председатель Комитета Государственной Думы по вопросам семьи, женщин и детей		http://www.vybory.izbirkom.ru/region/region/izbirkom?action=show&root=1&tvd=100100028713299&vrn=100100028713299&region=0&global=1&sub_region=0&prver=0&pronetvd=null&type=341&vibid=100100031432345	09.12.1954	"Политическая партия СПРАВЕДЛИВАЯ РОССИЯ"	город Москва	52Омская область	1	выдвинут	зарегистрирован	избр.
Петров Сергей Анатольевич	100100031432355	57	m	депутат госдумы	Государственная Дума Федерального Собрания Российской Федерации	депутат, член Комитета Государственной Думы по бюджету и налогам		http://www.vybory.izbirkom.ru/region/region/izbirkom?action=show&root=1&tvd=100100028713299&vrn=100100028713299&region=0&global=1&sub_region=0&prver=0&pronetvd=null&type=341&vibid=100100031432355	16.08.1954	"Политическая партия СПРАВЕДЛИВАЯ РОССИЯ"	город Москва	53Оренбургская область	1	выдвинут	зарегистрирован	избр.
Музыкаев Аднан Абдулаевич	100100031432388	52	m	депутат госдумы	Государственная Дума Федерального Собрания Российской Федерации	депутат, член Комитета Государственной Думы по международным делам		http://www.vybory.izbirkom.ru/region/region/izbirkom?action=show&root=1&tvd=100100028713299&vrn=100100028713299&region=0&global=1&sub_region=0&prver=0&pronetvd=null&type=341&vibid=100100031432388	08.03.1959	"Политическая партия СПРАВЕДЛИВАЯ РОССИЯ"	город Москва	57Самарская область	1	выдвинут	зарегистрирован	избр.
Лекарева Вера Александровна	100100031432438	63	f	депутат госдумы	Государственная Дума Федерального Собрания Российской Федерации	депутат, член Комитета Государственной Думы по бюджету и налогам		http://www.vybory.izbirkom.ru/region/region/izbirkom?action=show&root=1&tvd=100100028713299&vrn=100100028713299&region=0&global=1&sub_region=0&prver=0&pronetvd=null&type=341&vibid=100100031432438	04.01.1948	"Политическая партия СПРАВЕДЛИВАЯ РОССИЯ"	город Москва	63Тюменская область	1	выдвинут	зарегистрирован
Гудков Геннадий Владимирович	100100031432473	55	m	депутат госдумы	Государственная Дума Федерального Собрания Российской Федерации	депутат, заместитель председателя Комитета Государственной Думы по безопасности		http://www.vybory.izbirkom.ru/region/region/izbirkom?action=show&root=1&tvd=100100028713299&vrn=100100028713299&region=0&global=1&sub_region=0&prver=0&pronetvd=null&type=341&vibid=100100031432473	15.08.1956	"Политическая партия СПРАВЕДЛИВАЯ РОССИЯ"	город Москва	67Город Москва - Кунцевская, Город Москва - Царицынская, Город Москва - Центральная, Город Москва - Черемушкинская	1	выдвинут	зарегистрирован	избр.
Хованская Галина Петровна	100100031432484	68	f	депутат госдумы	Государственная Дума Федерального Собрания Российской Федерации	депутат, член Комитета Государственной Думы по строительству и земельным отношениям		http://www.vybory.izbirkom.ru/region/region/izbirkom?action=show&root=1&tvd=100100028713299&vrn=100100028713299&region=0&global=1&sub_region=0&prver=0&pronetvd=null&type=341&vibid=100100031432484	23.08.1943	"Политическая партия СПРАВЕДЛИВАЯ РОССИЯ"	город Москва	68Город Москва - Медведковская, Город Москва - Тушинская, Город Москва - Шереметьевская	1	выдвинут	зарегистрирован	избр.
